HB030,HB030_new
106451,10645100
106452,10645200
106454,10645400
106455,10645500
106456,10645600
106457,10645700
106458,10645800
106460,10646000
106461,10646100
106464,10646400
106466,10646600
106467,10646700
106468,10646800
106470,10647000
106471,10647100
106475,10647500
106477,10647700
106478,10647800
106479,10647900
106480,10648000
106481,10648100
106485,10648500
106488,10648800
106489,10648900
106490,10649000
106494,10649400
106495,10649500
106499,10649900
106500,10650000
106503,10650300
106505,10650500
106506,10650600
106509,10650900
106510,10651000
106511,10651100
106512,10651200
106514,10651400
106515,10651500
106517,10651700
106518,10651800
106521,10652100
106522,10652200
106524,10652400
106526,10652600
106530,10653000
106533,10653300
106535,10653500
106536,10653600
106539,10653900
106540,10654000
106541,10654100
106545,10654500
106546,10654600
106547,10654700
106549,10654900
106551,10655100
106555,10655500
106557,10655700
106558,10655800
106559,10655900
106564,10656400
106566,10656600
106567,10656700
106568,10656800
106570,10657000
106572,10657200
106573,10657300
106574,10657400
106580,10658000
106581,10658100
106582,10658200
106583,10658300
106586,10658600
106587,10658700
106588,10658800
106590,10659000
106591,10659100
106593,10659300
106597,10659700
106598,10659800
106599,10659900
106602,10660200
106605,10660500
106606,10660600
106608,10660800
106609,10660900
106611,10661100
106612,10661200
106616,10661600
106617,10661700
106618,10661800
106619,10661900
106620,10662000
106621,10662100
106622,10662200
106624,10662400
106626,10662600
106629,10662900
106633,10663300
106634,10663400
106636,10663600
106638,10663800
106640,10664000
106641,10664100
106644,10664400
106645,10664500
106646,10664600
106649,10664900
106651,10665100
106653,10665300
106655,10665500
106656,10665600
106662,10666200
106663,10666300
106664,10666400
106666,10666600
106668,10666800
106670,10667000
106671,10667100
106673,10667300
106674,10667400
106676,10667600
106678,10667800
106679,10667900
106680,10668000
106686,10668600
106690,10669000
106695,10669500
106697,10669700
106700,10670000
106702,10670200
106703,10670300
106704,10670400
106705,10670500
106708,10670800
106709,10670900
106712,10671200
106713,10671300
106714,10671400
106715,10671500
106716,10671600
106717,10671700
106718,10671800
106721,10672100
106722,10672200
106723,10672300
106724,10672400
106727,10672700
106728,10672800
106731,10673100
106732,10673200
106733,10673300
106736,10673600
106737,10673700
106738,10673800
106739,10673900
106740,10674000
106742,10674200
106743,10674300
106744,10674400
106746,10674600
106748,10674800
106749,10674900
106750,10675000
106751,10675100
106752,10675200
106753,10675300
106754,10675400
106756,10675600
106757,10675700
106759,10675900
106762,10676200
106763,10676300
106764,10676400
106765,10676500
106767,10676700
106768,10676800
106769,10676900
106770,10677000
106771,10677100
106772,10677200
106774,10677400
106775,10677500
106776,10677600
106777,10677700
106778,10677800
106779,10677900
106782,10678200
106785,10678500
106787,10678700
106788,10678800
106789,10678900
106790,10679000
106793,10679300
106794,10679400
106795,10679500
106796,10679600
106799,10679900
106800,10680000
106801,10680100
106803,10680300
106804,10680400
106807,10680700
106808,10680800
106809,10680900
106811,10681100
106816,10681600
106818,10681800
106819,10681900
106820,10682000
106822,10682200
106825,10682500
106826,10682600
106828,10682800
106829,10682900
106830,10683000
106832,10683200
106834,10683400
106835,10683500
106837,10683700
106840,10684000
106841,10684100
106844,10684400
106845,10684500
106846,10684600
106847,10684700
106849,10684900
106850,10685000
106853,10685300
106854,10685400
106856,10685600
106860,10686000
106861,10686100
106863,10686300
106864,10686400
106865,10686500
106866,10686600
106868,10686800
106869,10686900
106870,10687000
106875,10687500
106879,10687900
106880,10688000
106883,10688300
106884,10688400
106886,10688600
106889,10688900
106890,10689000
106891,10689100
106892,10689200
106893,10689300
106896,10689600
106897,10689700
106899,10689900
106901,10690100
106905,10690500
106906,10690600
106908,10690800
106913,10691300
106915,10691500
106916,10691600
106920,10692000
106924,10692400
106925,10692500
106926,10692600
106927,10692700
106932,10693200
106933,10693300
106934,10693400
106936,10693600
106937,10693700
106941,10694100
106942,10694200
106944,10694400
106948,10694800
106951,10695100
106952,10695200
106955,10695500
106958,10695800
106963,10696300
106964,10696400
106965,10696500
106967,10696700
106969,10696900
106970,10697000
106972,10697200
106975,10697500
106976,10697600
106977,10697700
106981,10698100
106982,10698200
106984,10698400
106985,10698500
106987,10698700
106994,10699400
106995,10699500
106996,10699600
106998,10699800
107000,10700000
107002,10700200
107004,10700400
107006,10700600
107010,10701000
107013,10701300
107014,10701400
107015,10701500
107016,10701600
107017,10701700
107018,10701800
107019,10701900
107020,10702000
107021,10702100
107023,10702300
107024,10702400
107025,10702500
107027,10702700
107028,10702800
107032,10703200
107033,10703300
107037,10703700
107040,10704000
107043,10704300
107045,10704500
107046,10704600
107048,10704800
107049,10704900
107052,10705200
107053,10705300
107054,10705400
107055,10705500
107058,10705800
107059,10705900
107060,10706000
107062,10706200
107065,10706500
107066,10706600
107068,10706800
107069,10706900
107072,10707200
107073,10707300
107075,10707500
107076,10707600
107077,10707700
107078,10707800
107079,10707900
107081,10708100
107082,10708200
107084,10708400
107086,10708600
107087,10708700
107090,10709000
107092,10709200
107093,10709300
107101,10710100
107105,10710500
107107,10710700
107109,10710900
107110,10711000
107112,10711200
107115,10711500
107116,10711600
107122,10712200
107124,10712400
107128,10712800
107130,10713000
107132,10713200
107135,10713500
107136,10713600
107137,10713700
107138,10713800
107140,10714000
107141,10714100
107143,10714300
107144,10714400
107147,10714700
107148,10714800
107149,10714900
107153,10715300
107156,10715600
107158,10715800
107160,10716000
107162,10716200
107164,10716400
107166,10716600
107169,10716900
107170,10717000
107171,10717100
107172,10717200
107173,10717300
107174,10717400
107175,10717500
107177,10717700
107180,10718000
107182,10718200
107183,10718300
107184,10718400
107189,10718900
107192,10719200
107194,10719400
107196,10719600
107197,10719700
107198,10719800
107202,10720200
107204,10720400
107206,10720600
107207,10720700
107208,10720800
107209,10720900
107211,10721100
107212,10721200
107215,10721500
107217,10721700
107218,10721800
107219,10721900
107221,10722100
107222,10722200
107223,10722300
107232,10723200
107233,10723300
107234,10723400
107237,10723700
107238,10723800
107239,10723900
107240,10724000
107241,10724100
107243,10724300
107244,10724400
107245,10724500
107246,10724600
107247,10724700
107249,10724900
107250,10725000
107251,10725100
107255,10725500
107256,10725600
107257,10725700
107258,10725800
107259,10725900
107260,10726000
107261,10726100
107262,10726200
107263,10726300
107264,10726400
107265,10726500
107266,10726600
107267,10726700
107268,10726800
107269,10726900
107270,10727000
107271,10727100
107272,10727200
107274,10727400
107275,10727500
107277,10727700
107278,10727800
107279,10727900
107281,10728100
107282,10728200
107283,10728300
107284,10728400
107285,10728500
107286,10728600
107287,10728700
107288,10728800
107289,10728900
107290,10729000
107293,10729300
107295,10729500
107298,10729800
107299,10729900
107300,10730000
107302,10730200
107303,10730300
107304,10730400
107307,10730700
107311,10731100
107312,10731200
107313,10731300
107314,10731400
107315,10731500
107316,10731600
107317,10731700
107319,10731900
107321,10732100
107322,10732200
107323,10732300
107325,10732500
107327,10732700
107329,10732900
107331,10733100
107338,10733800
107341,10734100
107342,10734200
107344,10734400
107348,10734800
107350,10735000
107351,10735100
107352,10735200
107353,10735300
107354,10735400
107357,10735700
107360,10736000
107361,10736100
107364,10736400
107365,10736500
107371,10737100
107375,10737500
107376,10737600
107379,10737900
107380,10738000
107383,10738300
107384,10738400
107385,10738500
107386,10738600
107387,10738700
107388,10738800
107390,10739000
107392,10739200
107393,10739300
107394,10739400
107396,10739600
107400,10740000
107401,10740100
107403,10740300
107405,10740500
107406,10740600
107407,10740700
107409,10740900
107410,10741000
107411,10741100
107413,10741300
107414,10741400
107416,10741600
107417,10741700
107419,10741900
107421,10742100
107423,10742300
107426,10742600
107427,10742700
107430,10743000
107431,10743100
107432,10743200
107433,10743300
107434,10743400
107435,10743500
107438,10743800
107439,10743900
107440,10744000
107441,10744100
107443,10744300
107444,10744400
107446,10744600
107450,10745000
107451,10745100
107452,10745200
107453,10745300
107457,10745700
107458,10745800
107460,10746000
107461,10746100
107462,10746200
107465,10746500
107468,10746800
107469,10746900
107473,10747300
107474,10747400
107475,10747500
107476,10747600
107478,10747800
107480,10748000
107481,10748100
107482,10748200
107483,10748300
107485,10748500
107486,10748600
107489,10748900
107490,10749000
107492,10749200
107493,10749300
107494,10749400
107495,10749500
107497,10749700
107498,10749800
107499,10749900
107502,10750200
107503,10750300
107506,10750600
107507,10750700
107508,10750800
107510,10751000
107511,10751100
107514,10751400
107515,10751500
107516,10751600
107517,10751700
107518,10751800
107520,10752000
107522,10752200
107523,10752300
107525,10752500
107527,10752700
107528,10752800
107529,10752900
107534,10753400
107535,10753500
107536,10753600
107538,10753800
107539,10753900
107540,10754000
107541,10754100
107544,10754400
107545,10754500
107547,10754700
107549,10754900
107556,10755600
107557,10755700
107560,10756000
107561,10756100
107563,10756300
107565,10756500
107567,10756700
107568,10756800
107569,10756900
107570,10757000
107571,10757100
107574,10757400
107575,10757500
107576,10757600
107577,10757700
107579,10757900
107580,10758000
107582,10758200
107583,10758300
107584,10758400
107585,10758500
107586,10758600
107587,10758700
107588,10758800
107589,10758900
107591,10759100
107592,10759200
107593,10759300
107594,10759400
107595,10759500
107597,10759700
107599,10759900
107602,10760200
107605,10760500
107607,10760700
107608,10760800
107610,10761000
107613,10761300
107615,10761500
107618,10761800
107620,10762000
107622,10762200
107623,10762300
107627,10762700
107628,10762800
107631,10763100
107634,10763400
107637,10763700
107640,10764000
107643,10764300
107644,10764400
107645,10764500
107646,10764600
107648,10764800
107649,10764900
107652,10765200
107655,10765500
107656,10765600
107657,10765700
107658,10765800
107660,10766000
107661,10766100
107663,10766300
107664,10766400
107665,10766500
107666,10766600
107667,10766700
107670,10767000
107672,10767200
107673,10767300
107675,10767500
107679,10767900
107684,10768400
107686,10768600
107687,10768700
107688,10768800
107690,10769000
107691,10769100
107693,10769300
107695,10769500
107697,10769700
107698,10769800
107699,10769900
107702,10770200
107705,10770500
107706,10770600
107707,10770700
107708,10770800
107709,10770900
107712,10771200
107713,10771300
107715,10771500
107717,10771700
107718,10771800
107720,10772000
107721,10772100
107722,10772200
107723,10772300
107725,10772500
107726,10772600
107727,10772700
107728,10772800
107729,10772900
107730,10773000
107731,10773100
107732,10773200
107733,10773300
107735,10773500
107737,10773700
107738,10773800
107739,10773900
107742,10774200
107743,10774300
107744,10774400
107745,10774500
107746,10774600
107748,10774800
107750,10775000
107751,10775100
107755,10775500
107756,10775600
107759,10775900
107760,10776000
107761,10776100
107764,10776400
107768,10776800
107769,10776900
107770,10777000
107771,10777100
107772,10777200
107773,10777300
107774,10777400
107775,10777500
107776,10777600
107782,10778200
107784,10778400
107785,10778500
107786,10778600
107788,10778800
107789,10778900
107790,10779000
107792,10779200
107793,10779300
107797,10779700
107798,10779800
107800,10780000
107801,10780100
107802,10780200
107803,10780300
107804,10780400
107805,10780500
107806,10780600
107808,10780800
107810,10781000
107812,10781200
107814,10781400
107815,10781500
107816,10781600
107817,10781700
107818,10781800
107820,10782000
107822,10782200
107823,10782300
107824,10782400
107825,10782500
107826,10782600
107828,10782800
107829,10782900
107830,10783000
107831,10783100
107832,10783200
107835,10783500
107838,10783800
107840,10784000
107841,10784100
107843,10784300
107844,10784400
107845,10784500
107846,10784600
107847,10784700
107848,10784800
107849,10784900
107852,10785200
107853,10785300
107855,10785500
107856,10785600
107857,10785700
107858,10785800
107859,10785900
107860,10786000
107864,10786400
107866,10786600
107867,10786700
107869,10786900
107871,10787100
107872,10787200
107873,10787300
107874,10787400
107877,10787700
107879,10787900
107880,10788000
107882,10788200
107885,10788500
107889,10788900
107890,10789000
107892,10789200
107896,10789600
107900,10790000
107902,10790200
107903,10790300
107906,10790600
107907,10790700
107908,10790800
107909,10790900
107910,10791000
107914,10791400
107915,10791500
107916,10791600
107919,10791900
107920,10792000
107921,10792100
107923,10792300
107926,10792600
107927,10792700
107928,10792800
107930,10793000
107933,10793300
107935,10793500
107946,10794600
107948,10794800
107951,10795100
107953,10795300
107954,10795400
107955,10795500
107957,10795700
107958,10795800
107960,10796000
107962,10796200
107963,10796300
107965,10796500
107966,10796600
107967,10796700
107968,10796800
107972,10797200
107973,10797300
107977,10797700
107979,10797900
107981,10798100
107982,10798200
107983,10798300
107985,10798500
107986,10798600
107988,10798800
107991,10799100
107996,10799600
107997,10799700
107999,10799900
108003,10800300
108005,10800500
108006,10800600
108007,10800700
108008,10800800
108010,10801000
108011,10801100
108013,10801300
108014,10801400
108015,10801500
108016,10801600
108017,10801700
108020,10802000
108021,10802100
108022,10802200
108024,10802400
108025,10802500
108026,10802600
108027,10802700
108028,10802800
108029,10802900
108036,10803600
108037,10803700
108040,10804000
108041,10804100
108045,10804500
108047,10804700
108048,10804800
108049,10804900
108051,10805100
108056,10805600
108060,10806000
108065,10806500
108067,10806700
108068,10806800
108069,10806900
108074,10807400
108075,10807500
108077,10807700
108078,10807800
108081,10808100
108082,10808200
108084,10808400
108087,10808700
108088,10808800
108090,10809000
108091,10809100
108092,10809200
108093,10809300
108094,10809400
108095,10809500
108096,10809600
108097,10809700
108098,10809800
108100,10810000
108101,10810100
108107,10810700
108108,10810800
108109,10810900
108110,10811000
108114,10811400
108118,10811800
108121,10812100
108122,10812200
108124,10812400
108125,10812500
108126,10812600
108127,10812700
108128,10812800
108130,10813000
108131,10813100
108137,10813700
108140,10814000
108141,10814100
108149,10814900
108150,10815000
108152,10815200
108156,10815600
108158,10815800
108164,10816400
108165,10816500
108168,10816800
108170,10817000
108171,10817100
108173,10817300
108181,10818100
108182,10818200
108186,10818600
108187,10818700
108188,10818800
108189,10818900
108190,10819000
108191,10819100
108193,10819300
108194,10819400
108195,10819500
108196,10819600
108199,10819900
108200,10820000
108202,10820200
108203,10820300
108204,10820400
108206,10820600
108215,10821500
108216,10821600
108217,10821700
108218,10821800
108221,10822100
108224,10822400
108227,10822700
108228,10822800
108229,10822900
108230,10823000
108231,10823100
108232,10823200
108233,10823300
108234,10823400
108239,10823900
108240,10824000
108242,10824200
108244,10824400
108246,10824600
108248,10824800
108251,10825100
108254,10825400
108255,10825500
108257,10825700
108258,10825800
108259,10825900
108260,10826000
108263,10826300
108266,10826600
108268,10826800
108269,10826900
108270,10827000
108271,10827100
108274,10827400
108275,10827500
108277,10827700
108278,10827800
108280,10828000
108287,10828700
108289,10828900
108291,10829100
108293,10829300
108295,10829500
108296,10829600
108297,10829700
108298,10829800
108299,10829900
108303,10830300
108309,10830900
108310,10831000
108311,10831100
108313,10831300
108317,10831700
108319,10831900
108320,10832000
108321,10832100
108322,10832200
108324,10832400
108325,10832500
108327,10832700
108328,10832800
108329,10832900
108331,10833100
108332,10833200
108333,10833300
108334,10833400
108335,10833500
108336,10833600
108337,10833700
108340,10834000
108341,10834100
108342,10834200
108345,10834500
108346,10834600
108349,10834900
108352,10835200
108353,10835300
108354,10835400
108355,10835500
108357,10835700
108359,10835900
108360,10836000
108361,10836100
108362,10836200
108363,10836300
108364,10836400
108365,10836500
108369,10836900
108370,10837000
108371,10837100
108374,10837400
108375,10837500
108377,10837700
108379,10837900
108380,10838000
108381,10838100
108382,10838200
108383,10838300
108384,10838400
108385,10838500
108386,10838600
108387,10838700
108388,10838800
108390,10839000
108391,10839100
108393,10839300
108394,10839400
108395,10839500
108397,10839700
108401,10840100
108403,10840300
108404,10840400
108406,10840600
108407,10840700
108408,10840800
108410,10841000
108411,10841100
108412,10841200
108413,10841300
108415,10841500
108416,10841600
108417,10841700
108418,10841800
108422,10842200
108424,10842400
108425,10842500
108426,10842600
108427,10842700
108429,10842900
108430,10843000
108431,10843100
108432,10843200
108433,10843300
108435,10843500
108436,10843600
108441,10844100
108443,10844300
108444,10844400
108445,10844500
108446,10844600
108449,10844900
108453,10845300
108454,10845400
108455,10845500
108460,10846000
108461,10846100
108462,10846200
108463,10846300
108464,10846400
108465,10846500
108467,10846700
108468,10846800
108471,10847100
108475,10847500
108476,10847600
108481,10848100
108490,10849000
108491,10849100
108494,10849400
108500,10850000
108503,10850300
108504,10850400
108507,10850700
108509,10850900
108510,10851000
108513,10851300
108514,10851400
108515,10851500
108517,10851700
108520,10852000
108522,10852200
108524,10852400
108527,10852700
108528,10852800
108529,10852900
108531,10853100
108532,10853200
108535,10853500
108538,10853800
108540,10854000
108544,10854400
108548,10854800
108550,10855000
108551,10855100
108552,10855200
108553,10855300
108554,10855400
108555,10855500
108556,10855600
108557,10855700
108558,10855800
108559,10855900
108561,10856100
108563,10856300
108564,10856400
108565,10856500
108566,10856600
108568,10856800
108571,10857100
108573,10857300
108575,10857500
108579,10857900
108580,10858000
108581,10858100
108583,10858300
108586,10858600
108587,10858700
108588,10858800
108592,10859200
108593,10859300
108594,10859400
108596,10859600
108599,10859900
108600,10860000
108603,10860300
108604,10860400
108606,10860600
108608,10860800
108610,10861000
108612,10861200
108615,10861500
108616,10861600
108619,10861900
108626,10862600
108627,10862700
108630,10863000
108634,10863400
108635,10863500
108636,10863600
108637,10863700
108639,10863900
108640,10864000
108644,10864400
108645,10864500
108647,10864700
108649,10864900
108650,10865000
108653,10865300
108657,10865700
108659,10865900
108661,10866100
108668,10866800
108671,10867100
108673,10867300
108674,10867400
108675,10867500
108676,10867600
108677,10867700
108680,10868000
108681,10868100
108682,10868200
108683,10868300
108684,10868400
108686,10868600
108687,10868700
108689,10868900
108691,10869100
108694,10869400
108695,10869500
108696,10869600
108697,10869700
108698,10869800
108700,10870000
108703,10870300
108704,10870400
108706,10870600
108707,10870700
108712,10871200
108713,10871300
108714,10871400
108715,10871500
108716,10871600
108717,10871700
108721,10872100
108723,10872300
108724,10872400
108725,10872500
108726,10872600
108727,10872700
108728,10872800
108731,10873100
108735,10873500
108737,10873700
108738,10873800
108739,10873900
108740,10874000
108742,10874200
108744,10874400
108746,10874600
108748,10874800
108750,10875000
108751,10875100
108752,10875200
108753,10875300
108754,10875400
108756,10875600
108761,10876100
108766,10876600
108770,10877000
108771,10877100
108772,10877200
108773,10877300
108775,10877500
108777,10877700
108779,10877900
108780,10878000
108782,10878200
108785,10878500
108792,10879200
108797,10879700
108798,10879800
108799,10879900
108800,10880000
108801,10880100
108802,10880200
108803,10880300
108804,10880400
108806,10880600
108808,10880800
108809,10880900
108814,10881400
108817,10881700
108818,10881800
108819,10881900
108820,10882000
108822,10882200
108825,10882500
108826,10882600
108829,10882900
108830,10883000
108832,10883200
108834,10883400
108835,10883500
108839,10883900
108840,10884000
108842,10884200
108843,10884300
108849,10884900
108852,10885200
108854,10885400
108855,10885500
108856,10885600
108857,10885700
108859,10885900
108861,10886100
108862,10886200
108864,10886400
108866,10886600
108867,10886700
108868,10886800
108870,10887000
108871,10887100
108872,10887200
108875,10887500
108877,10887700
108878,10887800
108879,10887900
108880,10888000
108881,10888100
108882,10888200
108883,10888300
108884,10888400
108885,10888500
108886,10888600
108888,10888800
108889,10888900
108890,10889000
108896,10889600
108897,10889700
108899,10889900
108900,10890000
108901,10890100
108902,10890200
108906,10890600
108907,10890700
108908,10890800
108909,10890900
108911,10891100
108912,10891200
108915,10891500
108916,10891600
108919,10891900
108920,10892000
108922,10892200
108923,10892300
108924,10892400
108925,10892500
108926,10892600
108927,10892700
108928,10892800
108929,10892900
108930,10893000
108931,10893100
108932,10893200
108933,10893300
108934,10893400
108935,10893500
108937,10893700
108938,10893800
108939,10893900
108940,10894000
108941,10894100
108942,10894200
108943,10894300
108944,10894400
108945,10894500
108946,10894600
108947,10894700
108948,10894800
108949,10894900
108950,10895000
108951,10895100
108954,10895400
108957,10895700
108958,10895800
108959,10895900
108961,10896100
108962,10896200
108963,10896300
108964,10896400
108965,10896500
108966,10896600
108968,10896800
108973,10897300
108975,10897500
108976,10897600
108977,10897700
108981,10898100
108982,10898200
108983,10898300
108989,10898900
108991,10899100
108993,10899300
108995,10899500
108998,10899800
108999,10899900
116455,10645501
116622,10662201
116645,10664501
116854,10685401
117045,10704501
117183,10718301
117644,10764401
118449,10844901
118550,10855001
118599,10859901
118796,10879601
200005,20000500
200006,20000600
200007,20000700
200008,20000800
200009,20000900
200011,20001100
200014,20001400
200015,20001500
200019,20001900
200020,20002000
200022,20002200
200023,20002300
200024,20002400
200026,20002600
200027,20002700
200028,20002800
200030,20003000
200031,20003100
200036,20003600
200041,20004100
200043,20004300
200046,20004600
200048,20004800
200049,20004900
200052,20005200
200053,20005300
200054,20005400
200055,20005500
200056,20005600
200057,20005700
200058,20005800
200059,20005900
200060,20006000
200061,20006100
200062,20006200
200063,20006300
200067,20006700
200070,20007000
200073,20007300
200080,20008000
200082,20008200
200085,20008500
200087,20008700
200088,20008800
200089,20008900
200091,20009100
200093,20009300
200095,20009500
200096,20009600
200099,20009900
200101,20010100
200103,20010300
200105,20010500
200106,20010600
200107,20010700
200108,20010800
200109,20010900
200112,20011200
200113,20011300
200114,20011400
200119,20011900
200120,20012000
200123,20012300
200124,20012400
200125,20012500
200126,20012600
200127,20012700
200128,20012800
200129,20012900
200130,20013000
200131,20013100
200133,20013300
200134,20013400
200135,20013500
200137,20013700
200138,20013800
200141,20014100
200144,20014400
200145,20014500
200146,20014600
200147,20014700
200148,20014800
200149,20014900
200153,20015300
200155,20015500
200157,20015700
200160,20016000
200161,20016100
200166,20016600
200167,20016700
200168,20016800
200170,20017000
200171,20017100
200172,20017200
200173,20017300
200174,20017400
200175,20017500
200176,20017600
200177,20017700
200179,20017900
200180,20018000
200181,20018100
200182,20018200
200188,20018800
200190,20019000
200193,20019300
200199,20019900
200200,20020000
200210,20021000
200212,20021200
200213,20021300
200214,20021400
200218,20021800
200219,20021900
200220,20022000
200221,20022100
200223,20022300
200224,20022400
200227,20022700
200228,20022800
200230,20023000
200231,20023100
200233,20023300
200237,20023700
200238,20023800
200239,20023900
200240,20024000
200244,20024400
200247,20024700
200252,20025200
200253,20025300
200254,20025400
200255,20025500
200256,20025600
200257,20025700
200262,20026200
200263,20026300
200264,20026400
200267,20026700
200268,20026800
200270,20027000
200271,20027100
200272,20027200
200274,20027400
200276,20027600
200279,20027900
200281,20028100
200284,20028400
200287,20028700
200288,20028800
200289,20028900
200290,20029000
200291,20029100
200303,20030300
200304,20030400
200306,20030600
200310,20031000
200311,20031100
200312,20031200
200315,20031500
200318,20031800
200323,20032300
200325,20032500
200329,20032900
200333,20033300
200337,20033700
200340,20034000
200342,20034200
200343,20034300
200344,20034400
200345,20034500
200346,20034600
200351,20035100
200357,20035700
200358,20035800
200359,20035900
200361,20036100
200365,20036500
200366,20036600
200367,20036700
200368,20036800
200369,20036900
200370,20037000
200371,20037100
200372,20037200
200374,20037400
200375,20037500
200376,20037600
200377,20037700
200379,20037900
200380,20038000
200381,20038100
200386,20038600
200388,20038800
200389,20038900
200391,20039100
200392,20039200
200393,20039300
200395,20039500
200396,20039600
200397,20039700
200398,20039800
200400,20040000
200401,20040100
200402,20040200
200403,20040300
200404,20040400
200405,20040500
200406,20040600
200408,20040800
200409,20040900
200411,20041100
200415,20041500
200416,20041600
200417,20041700
200418,20041800
200420,20042000
200421,20042100
200422,20042200
200423,20042300
200424,20042400
200425,20042500
200426,20042600
200427,20042700
200428,20042800
200429,20042900
200430,20043000
200431,20043100
200432,20043200
200433,20043300
200434,20043400
200436,20043600
200437,20043700
200438,20043800
200440,20044000
200441,20044100
200444,20044400
200446,20044600
200448,20044800
200451,20045100
200455,20045500
200457,20045700
200461,20046100
200464,20046400
200465,20046500
200466,20046600
200468,20046800
200470,20047000
200471,20047100
200473,20047300
200474,20047400
200476,20047600
200477,20047700
200478,20047800
200479,20047900
200481,20048100
200484,20048400
200485,20048500
200486,20048600
200488,20048800
200489,20048900
200490,20049000
200491,20049100
200492,20049200
200493,20049300
200494,20049400
200497,20049700
200498,20049800
200499,20049900
200501,20050100
200502,20050200
200504,20050400
200506,20050600
200508,20050800
200509,20050900
200510,20051000
200512,20051200
200513,20051300
200514,20051400
200517,20051700
200519,20051900
200520,20052000
200521,20052100
200522,20052200
200523,20052300
200524,20052400
200525,20052500
200526,20052600
200527,20052700
200530,20053000
200536,20053600
200537,20053700
200538,20053800
200539,20053900
200540,20054000
200542,20054200
200543,20054300
200544,20054400
200546,20054600
200548,20054800
200549,20054900
200550,20055000
200553,20055300
200554,20055400
200556,20055600
200557,20055700
200560,20056000
200561,20056100
200562,20056200
200563,20056300
200564,20056400
200565,20056500
200566,20056600
200568,20056800
200571,20057100
200574,20057400
200575,20057500
200576,20057600
200577,20057700
200579,20057900
200580,20058000
200582,20058200
200583,20058300
200584,20058400
200585,20058500
200586,20058600
200588,20058800
200589,20058900
200590,20059000
200592,20059200
200593,20059300
200594,20059400
200595,20059500
200596,20059600
200601,20060100
200603,20060300
200604,20060400
200605,20060500
200606,20060600
200608,20060800
200609,20060900
200610,20061000
200611,20061100
200613,20061300
200614,20061400
200616,20061600
200617,20061700
200618,20061800
200619,20061900
200620,20062000
200621,20062100
200622,20062200
200623,20062300
200624,20062400
200625,20062500
200632,20063200
200633,20063300
200636,20063600
200637,20063700
200638,20063800
200639,20063900
200641,20064100
200644,20064400
200649,20064900
200652,20065200
200653,20065300
200655,20065500
200657,20065700
200658,20065800
200659,20065900
200661,20066100
200662,20066200
200663,20066300
200664,20066400
200665,20066500
200666,20066600
200668,20066800
200670,20067000
200672,20067200
200675,20067500
200678,20067800
200679,20067900
200680,20068000
200681,20068100
200682,20068200
200683,20068300
200684,20068400
200685,20068500
200687,20068700
200688,20068800
200689,20068900
200690,20069000
200691,20069100
200692,20069200
200694,20069400
200695,20069500
200697,20069700
200698,20069800
200700,20070000
200701,20070100
200702,20070200
200705,20070500
200707,20070700
200708,20070800
200709,20070900
200710,20071000
200711,20071100
200712,20071200
200713,20071300
200714,20071400
200717,20071700
200720,20072000
200723,20072300
200725,20072500
200726,20072600
200727,20072700
200728,20072800
200731,20073100
200732,20073200
200733,20073300
200735,20073500
200738,20073800
200740,20074000
200741,20074100
200747,20074700
200748,20074800
200749,20074900
200750,20075000
200752,20075200
200755,20075500
200756,20075600
200757,20075700
200761,20076100
200762,20076200
200763,20076300
200764,20076400
200765,20076500
200766,20076600
200767,20076700
200769,20076900
200772,20077200
200773,20077300
200774,20077400
200775,20077500
200778,20077800
200779,20077900
200782,20078200
200783,20078300
200784,20078400
200785,20078500
200787,20078700
200788,20078800
200789,20078900
200790,20079000
200791,20079100
200792,20079200
200794,20079400
200797,20079700
200798,20079800
200800,20080000
200801,20080100
200802,20080200
200806,20080600
200807,20080700
200810,20081000
200811,20081100
200814,20081400
200815,20081500
200817,20081700
200818,20081800
200822,20082200
200823,20082300
200824,20082400
200826,20082600
200828,20082800
200829,20082900
200833,20083300
200834,20083400
200835,20083500
200836,20083600
200838,20083800
200839,20083900
200841,20084100
200842,20084200
200846,20084600
200847,20084700
200848,20084800
200849,20084900
200850,20085000
200851,20085100
200852,20085200
200853,20085300
200854,20085400
200857,20085700
200858,20085800
200859,20085900
200863,20086300
200867,20086700
200868,20086800
200869,20086900
200870,20087000
200872,20087200
200873,20087300
200874,20087400
200876,20087600
200877,20087700
200878,20087800
200879,20087900
200880,20088000
200881,20088100
200883,20088300
200887,20088700
200889,20088900
200890,20089000
200892,20089200
200898,20089800
200899,20089900
200900,20090000
200901,20090100
200905,20090500
200906,20090600
200910,20091000
200911,20091100
200912,20091200
200913,20091300
200914,20091400
200916,20091600
200919,20091900
200920,20092000
200921,20092100
200923,20092300
200924,20092400
200925,20092500
200926,20092600
200927,20092700
200928,20092800
200929,20092900
200930,20093000
200931,20093100
200932,20093200
200933,20093300
200934,20093400
200935,20093500
200936,20093600
200939,20093900
200940,20094000
200941,20094100
200944,20094400
200945,20094500
200946,20094600
200947,20094700
200949,20094900
200950,20095000
200951,20095100
200952,20095200
200954,20095400
200960,20096000
200962,20096200
200969,20096900
200971,20097100
200972,20097200
200974,20097400
200975,20097500
200978,20097800
200980,20098000
200981,20098100
200982,20098200
200983,20098300
200984,20098400
200987,20098700
200989,20098900
200990,20099000
200993,20099300
200995,20099500
200996,20099600
200997,20099700
200998,20099800
201000,20100000
201001,20100100
201002,20100200
201003,20100300
201004,20100400
201005,20100500
201006,20100600
201007,20100700
201008,20100800
201009,20100900
201010,20101000
201014,20101400
201015,20101500
201016,20101600
201019,20101900
201020,20102000
201021,20102100
201022,20102200
201023,20102300
201024,20102400
201025,20102500
201030,20103000
201033,20103300
201034,20103400
201035,20103500
201038,20103800
201039,20103900
201040,20104000
201043,20104300
201045,20104500
201046,20104600
201048,20104800
201050,20105000
201051,20105100
201054,20105400
201055,20105500
201056,20105600
201058,20105800
201060,20106000
201061,20106100
201062,20106200
201063,20106300
201064,20106400
201066,20106600
201068,20106800
201070,20107000
201071,20107100
201072,20107200
201073,20107300
201074,20107400
201075,20107500
201077,20107700
201078,20107800
201079,20107900
201080,20108000
201081,20108100
201082,20108200
201085,20108500
201088,20108800
201089,20108900
201090,20109000
201091,20109100
201093,20109300
201094,20109400
201097,20109700
201101,20110100
201104,20110400
201106,20110600
201108,20110800
201109,20110900
201111,20111100
201113,20111300
201116,20111600
201117,20111700
201119,20111900
201120,20112000
201122,20112200
201126,20112600
201128,20112800
201129,20112900
201130,20113000
201131,20113100
201132,20113200
201134,20113400
201135,20113500
201136,20113600
201137,20113700
201138,20113800
201141,20114100
201143,20114300
201145,20114500
201146,20114600
201147,20114700
201148,20114800
201150,20115000
201151,20115100
201152,20115200
201153,20115300
201155,20115500
201158,20115800
201160,20116000
201161,20116100
201162,20116200
201166,20116600
201169,20116900
201170,20117000
201171,20117100
201172,20117200
201173,20117300
201174,20117400
201175,20117500
201176,20117600
201178,20117800
201180,20118000
201181,20118100
201182,20118200
201183,20118300
201184,20118400
201185,20118500
201187,20118700
201188,20118800
201190,20119000
201191,20119100
201192,20119200
201194,20119400
201195,20119500
201197,20119700
201198,20119800
201202,20120200
201203,20120300
201205,20120500
201209,20120900
201210,20121000
201212,20121200
201213,20121300
201214,20121400
201217,20121700
201223,20122300
201224,20122400
201225,20122500
201227,20122700
201228,20122800
201229,20122900
201230,20123000
201231,20123100
201233,20123300
201237,20123700
201241,20124100
201245,20124500
201248,20124800
201249,20124900
201252,20125200
201253,20125300
201260,20126000
209005,20900500
209014,20901400
209015,20901500
209017,20901700
209020,20902000
209021,20902100
209023,20902300
209026,20902600
209027,20902700
209032,20903200
209034,20903400
209036,20903600
209037,20903700
209039,20903900
209047,20904700
209048,20904800
209050,20905000
209051,20905100
209053,20905300
209059,20905900
209060,20906000
209063,20906300
209064,20906400
209066,20906600
209069,20906900
209072,20907200
209073,20907300
209074,20907400
209076,20907600
209081,20908100
209083,20908300
209084,20908400
209085,20908500
209088,20908800
209089,20908900
209091,20909100
209092,20909200
209095,20909500
209097,20909700
209098,20909800
209099,20909900
209107,20910700
209108,20910800
209110,20911000
209111,20911100
209114,20911400
209115,20911500
209116,20911600
209120,20912000
209122,20912200
209123,20912300
209124,20912400
209127,20912700
209129,20912900
209130,20913000
209132,20913200
209134,20913400
209135,20913500
209138,20913800
209142,20914200
209144,20914400
209147,20914700
209148,20914800
209149,20914900
209153,20915300
209155,20915500
209156,20915600
209157,20915700
209158,20915800
209160,20916000
209161,20916100
209162,20916200
209163,20916300
209164,20916400
209165,20916500
209166,20916600
209167,20916700
209168,20916800
209169,20916900
209170,20917000
209171,20917100
209172,20917200
209173,20917300
209174,20917400
209175,20917500
209177,20917700
209178,20917800
209180,20918000
209181,20918100
209184,20918400
209185,20918500
209187,20918700
209188,20918800
209191,20919100
209194,20919400
209198,20919800
209201,20920100
209204,20920400
209205,20920500
209213,20921300
209214,20921400
209215,20921500
209219,20921900
209221,20922100
209222,20922200
209223,20922300
209224,20922400
209230,20923000
209231,20923100
209233,20923300
209234,20923400
209238,20923800
209243,20924300
209244,20924400
209245,20924500
209246,20924600
209247,20924700
209249,20924900
209250,20925000
209252,20925200
209253,20925300
209254,20925400
209255,20925500
209256,20925600
209258,20925800
209259,20925900
209260,20926000
209265,20926500
209266,20926600
209272,20927200
209273,20927300
209281,20928100
209283,20928300
209284,20928400
209285,20928500
209287,20928700
209288,20928800
209289,20928900
209290,20929000
209291,20929100
209293,20929300
209294,20929400
209296,20929600
209304,20930400
209305,20930500
209308,20930800
209310,20931000
209311,20931100
209313,20931300
209316,20931600
209318,20931800
209319,20931900
209321,20932100
209326,20932600
209327,20932700
209328,20932800
209333,20933300
209344,20934400
209345,20934500
209347,20934700
209348,20934800
209355,20935500
209359,20935900
209360,20936000
209361,20936100
209362,20936200
209363,20936300
209370,20937000
209373,20937300
209378,20937800
209381,20938100
209382,20938200
209391,20939100
209393,20939300
209396,20939600
209397,20939700
209399,20939900
209401,20940100
209403,20940300
209404,20940400
209406,20940600
209407,20940700
209415,20941500
209416,20941600
209418,20941800
209420,20942000
209421,20942100
209422,20942200
209424,20942400
209425,20942500
209426,20942600
209428,20942800
209431,20943100
209432,20943200
209435,20943500
209440,20944000
209441,20944100
209442,20944200
209443,20944300
209445,20944500
209447,20944700
209452,20945200
209460,20946000
209462,20946200
209464,20946400
209465,20946500
209468,20946800
209470,20947000
209471,20947100
209474,20947400
209479,20947900
209480,20948000
209481,20948100
209482,20948200
209484,20948400
209488,20948800
209489,20948900
209490,20949000
209491,20949100
209492,20949200
209493,20949300
209494,20949400
209496,20949600
209497,20949700
209499,20949900
209500,20950000
209501,20950100
209504,20950400
209506,20950600
209509,20950900
209514,20951400
209518,20951800
209520,20952000
209525,20952500
209526,20952600
209527,20952700
209528,20952800
209529,20952900
209531,20953100
209532,20953200
209535,20953500
209544,20954400
209545,20954500
209547,20954700
209550,20955000
209552,20955200
209553,20955300
209554,20955400
209555,20955500
209556,20955600
209558,20955800
209559,20955900
209561,20956100
209563,20956300
209564,20956400
209565,20956500
209574,20957400
209577,20957700
209578,20957800
209579,20957900
209582,20958200
209583,20958300
209584,20958400
209587,20958700
209588,20958800
209591,20959100
209593,20959300
209595,20959500
209596,20959600
209597,20959700
209598,20959800
209601,20960100
209602,20960200
209603,20960300
209604,20960400
209605,20960500
209609,20960900
209611,20961100
209612,20961200
209614,20961400
209616,20961600
209621,20962100
209622,20962200
209624,20962400
209625,20962500
209626,20962600
209628,20962800
209629,20962900
209631,20963100
209633,20963300
209634,20963400
209636,20963600
209639,20963900
209641,20964100
209642,20964200
209644,20964400
209645,20964500
209648,20964800
209649,20964900
209654,20965400
209655,20965500
209656,20965600
209658,20965800
209659,20965900
209662,20966200
209663,20966300
209671,20967100
209673,20967300
209674,20967400
209675,20967500
209676,20967600
209677,20967700
209678,20967800
209679,20967900
209685,20968500
209687,20968700
209689,20968900
209693,20969300
209697,20969700
209698,20969800
209700,20970000
209703,20970300
209709,20970900
209712,20971200
209714,20971400
209721,20972100
209728,20972800
209731,20973100
209733,20973300
209734,20973400
209737,20973700
209739,20973900
209743,20974300
209745,20974500
209749,20974900
209750,20975000
209752,20975200
209758,20975800
209761,20976100
209762,20976200
209763,20976300
209764,20976400
209765,20976500
209766,20976600
209767,20976700
209769,20976900
209771,20977100
209773,20977300
209779,20977900
209780,20978000
209788,20978800
209789,20978900
209791,20979100
209794,20979400
209795,20979500
209796,20979600
209797,20979700
209800,20980000
209802,20980200
209805,20980500
209806,20980600
209808,20980800
209809,20980900
209812,20981200
209814,20981400
209815,20981500
209818,20981800
209819,20981900
209820,20982000
209822,20982200
209830,20983000
209831,20983100
209832,20983200
209838,20983800
209839,20983900
209841,20984100
209844,20984400
209845,20984500
209846,20984600
209848,20984800
209851,20985100
209852,20985200
209853,20985300
209856,20985600
209857,20985700
209859,20985900
209861,20986100
209863,20986300
209864,20986400
209866,20986600
209867,20986700
209868,20986800
209871,20987100
209873,20987300
209876,20987600
209877,20987700
209878,20987800
209880,20988000
209881,20988100
209882,20988200
209883,20988300
209884,20988400
209885,20988500
209888,20988800
209889,20988900
209890,20989000
209892,20989200
209893,20989300
209895,20989500
209897,20989700
209898,20989800
209899,20989900
209900,20990000
209901,20990100
209902,20990200
209906,20990600
209909,20990900
209912,20991200
209913,20991300
209914,20991400
209915,20991500
209917,20991700
209918,20991800
209919,20991900
209920,20992000
209921,20992100
209922,20992200
209923,20992300
209925,20992500
209926,20992600
209927,20992700
209930,20993000
209931,20993100
209932,20993200
209935,20993500
209936,20993600
209937,20993700
209939,20993900
209941,20994100
209942,20994200
209944,20994400
209945,20994500
209946,20994600
209947,20994700
209948,20994800
209949,20994900
209950,20995000
209951,20995100
209952,20995200
209953,20995300
209955,20995500
209956,20995600
209957,20995700
209958,20995800
209960,20996000
209966,20996600
209967,20996700
209968,20996800
209969,20996900
209970,20997000
209971,20997100
209972,20997200
209975,20997500
209976,20997600
209977,20997700
209979,20997900
209981,20998100
209982,20998200
209983,20998300
209985,20998500
209988,20998800
209990,20999000
209991,20999100
209992,20999200
209993,20999300
209994,20999400
210200,20020001
210303,20030301
210325,20032501
210679,20067901
211061,20106101
219249,20924901
219700,20970001
219890,20989001
301263,30126300
301266,30126600
301267,30126700
301268,30126800
301269,30126900
301270,30127000
301271,30127100
301272,30127200
301273,30127300
301276,30127600
301277,30127700
301278,30127800
301281,30128100
301282,30128200
301283,30128300
301284,30128400
301285,30128500
301286,30128600
301287,30128700
301289,30128900
301290,30129000
301291,30129100
301293,30129300
301294,30129400
301295,30129500
301296,30129600
301297,30129700
301298,30129800
301299,30129900
301301,30130100
301302,30130200
301303,30130300
301304,30130400
301305,30130500
301306,30130600
301307,30130700
301308,30130800
301309,30130900
301310,30131000
301312,30131200
301313,30131300
301314,30131400
301316,30131600
301318,30131800
301319,30131900
301320,30132000
301321,30132100
301323,30132300
301324,30132400
301325,30132500
301326,30132600
301327,30132700
301328,30132800
301330,30133000
301331,30133100
301334,30133400
301335,30133500
301336,30133600
301337,30133700
301338,30133800
301342,30134200
301343,30134300
301344,30134400
301348,30134800
301349,30134900
301350,30135000
301352,30135200
301353,30135300
301354,30135400
301359,30135900
301360,30136000
301361,30136100
301362,30136200
301363,30136300
301365,30136500
301366,30136600
301368,30136800
301369,30136900
301370,30137000
301373,30137300
301374,30137400
301375,30137500
301378,30137800
301379,30137900
301382,30138200
301383,30138300
301384,30138400
301385,30138500
301386,30138600
301387,30138700
301388,30138800
301389,30138900
301390,30139000
301391,30139100
301392,30139200
301397,30139700
301398,30139800
301399,30139900
301402,30140200
301403,30140300
301405,30140500
301406,30140600
301407,30140700
301408,30140800
301410,30141000
301415,30141500
301417,30141700
301418,30141800
301422,30142200
301424,30142400
301425,30142500
301430,30143000
301432,30143200
301433,30143300
301434,30143400
301437,30143700
301438,30143800
301439,30143900
301441,30144100
301445,30144500
301446,30144600
301447,30144700
301449,30144900
301452,30145200
301454,30145400
301455,30145500
301456,30145600
301458,30145800
301460,30146000
301461,30146100
301462,30146200
301463,30146300
301465,30146500
301466,30146600
301468,30146800
301469,30146900
301471,30147100
301472,30147200
301473,30147300
301478,30147800
301479,30147900
301480,30148000
301482,30148200
301483,30148300
301486,30148600
301488,30148800
301489,30148900
301494,30149400
301495,30149500
301496,30149600
301497,30149700
301500,30150000
301501,30150100
301505,30150500
301506,30150600
301509,30150900
301510,30151000
301511,30151100
301515,30151500
301518,30151800
301519,30151900
301520,30152000
301521,30152100
301523,30152300
301524,30152400
301525,30152500
301526,30152600
301529,30152900
301530,30153000
301531,30153100
301532,30153200
301533,30153300
301534,30153400
301535,30153500
301537,30153700
301538,30153800
301539,30153900
301540,30154000
301541,30154100
301542,30154200
301546,30154600
301547,30154700
301548,30154800
301550,30155000
301552,30155200
301554,30155400
301555,30155500
301556,30155600
301558,30155800
301560,30156000
301561,30156100
301564,30156400
301567,30156700
301568,30156800
301570,30157000
301576,30157600
301577,30157700
301581,30158100
301582,30158200
301584,30158400
301585,30158500
301586,30158600
301587,30158700
301588,30158800
301590,30159000
301592,30159200
301593,30159300
301596,30159600
301597,30159700
301600,30160000
301602,30160200
301603,30160300
301605,30160500
301606,30160600
301620,30162000
301621,30162100
301623,30162300
301624,30162400
301625,30162500
301627,30162700
301628,30162800
301629,30162900
301630,30163000
301632,30163200
301637,30163700
301638,30163800
301640,30164000
301642,30164200
301643,30164300
301647,30164700
301648,30164800
301650,30165000
301652,30165200
301653,30165300
301654,30165400
301657,30165700
301658,30165800
301661,30166100
301662,30166200
301663,30166300
301665,30166500
301668,30166800
301672,30167200
301675,30167500
301676,30167600
301677,30167700
301681,30168100
301682,30168200
301686,30168600
301688,30168800
301689,30168900
301691,30169100
301692,30169200
301696,30169600
301697,30169700
301700,30170000
301701,30170100
301703,30170300
301707,30170700
301708,30170800
301709,30170900
301710,30171000
301711,30171100
301713,30171300
301715,30171500
301717,30171700
301719,30171900
301722,30172200
301725,30172500
301726,30172600
301727,30172700
301731,30173100
301732,30173200
301734,30173400
301739,30173900
301741,30174100
301742,30174200
301743,30174300
301744,30174400
301745,30174500
301746,30174600
301747,30174700
301748,30174800
301749,30174900
301751,30175100
301753,30175300
301754,30175400
301755,30175500
301756,30175600
301757,30175700
301758,30175800
301759,30175900
301760,30176000
301762,30176200
301763,30176300
301764,30176400
301765,30176500
301766,30176600
301767,30176700
301769,30176900
301772,30177200
301773,30177300
301774,30177400
301776,30177600
301777,30177700
301778,30177800
301779,30177900
301781,30178100
301782,30178200
301784,30178400
301785,30178500
301789,30178900
301791,30179100
301792,30179200
301795,30179500
301797,30179700
301798,30179800
301799,30179900
301800,30180000
301802,30180200
301803,30180300
301804,30180400
301805,30180500
301807,30180700
301808,30180800
301810,30181000
301811,30181100
301813,30181300
301814,30181400
301815,30181500
301816,30181600
301817,30181700
301818,30181800
301819,30181900
301820,30182000
301822,30182200
301824,30182400
301825,30182500
301826,30182600
301827,30182700
301828,30182800
301829,30182900
301831,30183100
301832,30183200
301833,30183300
301834,30183400
301835,30183500
301837,30183700
301838,30183800
301839,30183900
301840,30184000
301841,30184100
301842,30184200
301843,30184300
301844,30184400
301845,30184500
301846,30184600
301847,30184700
301848,30184800
301849,30184900
301850,30185000
301851,30185100
301852,30185200
301855,30185500
301856,30185600
301857,30185700
301859,30185900
301861,30186100
301863,30186300
301864,30186400
301865,30186500
301866,30186600
301867,30186700
301868,30186800
301871,30187100
301872,30187200
301873,30187300
301874,30187400
301875,30187500
301876,30187600
301878,30187800
301880,30188000
301881,30188100
301882,30188200
301883,30188300
301884,30188400
301885,30188500
301886,30188600
301887,30188700
301889,30188900
301890,30189000
301891,30189100
301892,30189200
301893,30189300
301894,30189400
301895,30189500
301896,30189600
301897,30189700
301898,30189800
301899,30189900
301901,30190100
301904,30190400
301905,30190500
301906,30190600
301907,30190700
301908,30190800
301909,30190900
301910,30191000
301911,30191100
301912,30191200
301914,30191400
301915,30191500
301917,30191700
301918,30191800
301919,30191900
301920,30192000
301923,30192300
301924,30192400
301925,30192500
301926,30192600
301927,30192700
301928,30192800
301931,30193100
301932,30193200
301933,30193300
301934,30193400
301935,30193500
301936,30193600
301937,30193700
301938,30193800
301939,30193900
301941,30194100
301942,30194200
301944,30194400
301945,30194500
301946,30194600
301947,30194700
301948,30194800
301949,30194900
301950,30195000
301951,30195100
301953,30195300
301954,30195400
301956,30195600
301957,30195700
301959,30195900
301962,30196200
301963,30196300
301965,30196500
301966,30196600
301967,30196700
301969,30196900
301974,30197400
301975,30197500
301976,30197600
301977,30197700
301978,30197800
301979,30197900
301983,30198300
301986,30198600
301988,30198800
301989,30198900
301991,30199100
301992,30199200
301993,30199300
301994,30199400
301995,30199500
301996,30199600
301997,30199700
301998,30199800
302000,30200000
302001,30200100
302002,30200200
302004,30200400
302006,30200600
302007,30200700
302008,30200800
302010,30201000
302011,30201100
302012,30201200
302016,30201600
302017,30201700
302018,30201800
302025,30202500
302026,30202600
302027,30202700
302028,30202800
302029,30202900
302031,30203100
302032,30203200
302033,30203300
302035,30203500
302036,30203600
302037,30203700
302038,30203800
302039,30203900
302041,30204100
302042,30204200
302043,30204300
302044,30204400
302046,30204600
302047,30204700
302050,30205000
302053,30205300
302054,30205400
302057,30205700
302058,30205800
302060,30206000
302063,30206300
302064,30206400
302065,30206500
302066,30206600
302067,30206700
302069,30206900
302070,30207000
302072,30207200
302074,30207400
302075,30207500
302077,30207700
302078,30207800
302079,30207900
302080,30208000
302082,30208200
302083,30208300
302084,30208400
302085,30208500
302087,30208700
302088,30208800
302090,30209000
302092,30209200
302093,30209300
302095,30209500
302100,30210000
302101,30210100
302103,30210300
302106,30210600
302107,30210700
302108,30210800
302109,30210900
302113,30211300
302114,30211400
302115,30211500
302116,30211600
302117,30211700
302118,30211800
302121,30212100
302122,30212200
302123,30212300
302124,30212400
302125,30212500
302126,30212600
302128,30212800
302131,30213100
302134,30213400
302135,30213500
302136,30213600
302138,30213800
302139,30213900
302145,30214500
302146,30214600
302147,30214700
302148,30214800
302153,30215300
302155,30215500
302156,30215600
302157,30215700
302159,30215900
302160,30216000
302161,30216100
302164,30216400
302169,30216900
302172,30217200
302173,30217300
302174,30217400
302175,30217500
302176,30217600
302177,30217700
302178,30217800
302182,30218200
302186,30218600
302187,30218700
302188,30218800
302190,30219000
302192,30219200
302193,30219300
302195,30219500
302197,30219700
302198,30219800
302200,30220000
302201,30220100
302203,30220300
302205,30220500
302207,30220700
302208,30220800
302212,30221200
302213,30221300
302216,30221600
302217,30221700
302218,30221800
302219,30221900
302223,30222300
302224,30222400
302226,30222600
302227,30222700
302232,30223200
302233,30223300
302236,30223600
302237,30223700
302238,30223800
302241,30224100
302242,30224200
302244,30224400
302254,30225400
302255,30225500
302257,30225700
302258,30225800
302259,30225900
302260,30226000
302264,30226400
302266,30226600
302268,30226800
302269,30226900
302271,30227100
302274,30227400
302275,30227500
302277,30227700
302279,30227900
302285,30228500
302286,30228600
302287,30228700
302289,30228900
302290,30229000
302293,30229300
302294,30229400
302295,30229500
302296,30229600
302297,30229700
302298,30229800
302300,30230000
302303,30230300
302304,30230400
302305,30230500
302308,30230800
302316,30231600
302319,30231900
302322,30232200
302326,30232600
302328,30232800
302330,30233000
302333,30233300
302335,30233500
302339,30233900
302344,30234400
302347,30234700
302351,30235100
302354,30235400
302355,30235500
302356,30235600
302357,30235700
302358,30235800
302363,30236300
302367,30236700
302368,30236800
302370,30237000
302371,30237100
302372,30237200
302375,30237500
302376,30237600
302379,30237900
302381,30238100
302382,30238200
302386,30238600
302388,30238800
302391,30239100
302392,30239200
302393,30239300
302394,30239400
302397,30239700
302404,30240400
302406,30240600
302407,30240700
302408,30240800
302410,30241000
302411,30241100
302413,30241300
302414,30241400
302415,30241500
302416,30241600
302419,30241900
302420,30242000
302421,30242100
302422,30242200
302423,30242300
302424,30242400
302425,30242500
302426,30242600
302427,30242700
302429,30242900
302436,30243600
302440,30244000
302442,30244200
302446,30244600
302447,30244700
302448,30244800
302451,30245100
302452,30245200
302453,30245300
302454,30245400
302455,30245500
302456,30245600
302457,30245700
302458,30245800
302460,30246000
302463,30246300
302464,30246400
302465,30246500
302466,30246600
302467,30246700
302468,30246800
302471,30247100
302473,30247300
302474,30247400
302475,30247500
302476,30247600
302480,30248000
302484,30248400
302488,30248800
302489,30248900
302490,30249000
302492,30249200
302495,30249500
302497,30249700
302502,30250200
302503,30250300
302506,30250600
302507,30250700
302508,30250800
302509,30250900
302510,30251000
302511,30251100
302513,30251300
302514,30251400
302515,30251500
302516,30251600
302522,30252200
302523,30252300
302525,30252500
302527,30252700
302528,30252800
302529,30252900
302530,30253000
302531,30253100
302533,30253300
302534,30253400
302535,30253500
302536,30253600
302537,30253700
302538,30253800
302539,30253900
302541,30254100
302543,30254300
302545,30254500
302546,30254600
302548,30254800
302551,30255100
302552,30255200
302553,30255300
302555,30255500
302557,30255700
302558,30255800
302559,30255900
302560,30256000
302561,30256100
302562,30256200
302563,30256300
302564,30256400
302565,30256500
302568,30256800
302569,30256900
302570,30257000
302571,30257100
302572,30257200
302574,30257400
302577,30257700
302578,30257800
302579,30257900
302581,30258100
302583,30258300
302584,30258400
302587,30258700
302591,30259100
302593,30259300
302594,30259400
302595,30259500
302597,30259700
302598,30259800
302602,30260200
302604,30260400
302609,30260900
302610,30261000
302612,30261200
302613,30261300
302617,30261700
302618,30261800
302619,30261900
302624,30262400
302625,30262500
302626,30262600
302628,30262800
302629,30262900
302633,30263300
302634,30263400
302635,30263500
302636,30263600
302637,30263700
302642,30264200
302643,30264300
302644,30264400
302647,30264700
302648,30264800
302651,30265100
302652,30265200
302654,30265400
302657,30265700
302660,30266000
302662,30266200
302663,30266300
302666,30266600
302669,30266900
302670,30267000
302673,30267300
302676,30267600
302678,30267800
302680,30268000
302683,30268300
302684,30268400
302690,30269000
302696,30269600
302697,30269700
302698,30269800
302702,30270200
302703,30270300
302704,30270400
302705,30270500
302706,30270600
302707,30270700
302709,30270900
302717,30271700
302726,30272600
302730,30273000
302731,30273100
302732,30273200
302733,30273300
302734,30273400
302741,30274100
302742,30274200
302743,30274300
302746,30274600
302749,30274900
302753,30275300
302765,30276500
302767,30276700
302768,30276800
302771,30277100
302776,30277600
302778,30277800
302781,30278100
302784,30278400
302787,30278700
302789,30278900
302790,30279000
302792,30279200
302793,30279300
302795,30279500
302797,30279700
302798,30279800
302799,30279900
302801,30280100
302802,30280200
302803,30280300
302812,30281200
302813,30281300
302814,30281400
302817,30281700
302819,30281900
302824,30282400
302825,30282500
302826,30282600
302828,30282800
302829,30282900
302832,30283200
302833,30283300
302836,30283600
302839,30283900
302841,30284100
302843,30284300
302844,30284400
302848,30284800
302850,30285000
302851,30285100
302853,30285300
302854,30285400
302857,30285700
302862,30286200
302865,30286500
302873,30287300
302874,30287400
302876,30287600
302878,30287800
302880,30288000
302881,30288100
302882,30288200
302886,30288600
302888,30288800
302889,30288900
302890,30289000
302891,30289100
302893,30289300
302894,30289400
302896,30289600
302898,30289800
302900,30290000
302901,30290100
302903,30290300
302904,30290400
302905,30290500
302908,30290800
302910,30291000
302915,30291500
302916,30291600
302918,30291800
302920,30292000
302921,30292100
302923,30292300
302926,30292600
302929,30292900
302930,30293000
302931,30293100
302932,30293200
302933,30293300
302934,30293400
302935,30293500
302937,30293700
302938,30293800
302939,30293900
302940,30294000
302941,30294100
302942,30294200
302945,30294500
302948,30294800
302949,30294900
302950,30295000
302951,30295100
302952,30295200
302953,30295300
302954,30295400
302957,30295700
302958,30295800
302959,30295900
302962,30296200
302967,30296700
302968,30296800
302971,30297100
302973,30297300
302974,30297400
302976,30297600
302978,30297800
302981,30298100
302984,30298400
302985,30298500
302986,30298600
302988,30298800
302989,30298900
302990,30299000
302994,30299400
302995,30299500
302997,30299700
302998,30299800
302999,30299900
303000,30300000
303004,30300400
303005,30300500
303006,30300600
303007,30300700
303008,30300800
303010,30301000
303014,30301400
303017,30301700
303018,30301800
303019,30301900
303020,30302000
303021,30302100
303022,30302200
303023,30302300
303024,30302400
303025,30302500
303026,30302600
303028,30302800
303029,30302900
303030,30303000
303031,30303100
303033,30303300
303034,30303400
303035,30303500
303037,30303700
303039,30303900
303040,30304000
303041,30304100
303045,30304500
303046,30304600
303049,30304900
303051,30305100
303054,30305400
303057,30305700
303058,30305800
303062,30306200
303065,30306500
303067,30306700
303070,30307000
303071,30307100
303072,30307200
303076,30307600
303078,30307800
303081,30308100
303084,30308400
303085,30308500
303088,30308800
303090,30309000
303091,30309100
303097,30309700
303098,30309800
303099,30309900
303100,30310000
303101,30310100
303103,30310300
303105,30310500
303106,30310600
303108,30310800
303111,30311100
303113,30311300
303115,30311500
303116,30311600
303117,30311700
303118,30311800
303119,30311900
303120,30312000
303121,30312100
303123,30312300
303124,30312400
303125,30312500
303127,30312700
303129,30312900
303131,30313100
303132,30313200
303133,30313300
303134,30313400
303135,30313500
303136,30313600
303138,30313800
303139,30313900
303140,30314000
303141,30314100
303143,30314300
303144,30314400
303145,30314500
303146,30314600
303147,30314700
303149,30314900
303150,30315000
303151,30315100
303152,30315200
303153,30315300
303154,30315400
303155,30315500
303156,30315600
303157,30315700
303158,30315800
303160,30316000
303161,30316100
303163,30316300
303164,30316400
303166,30316600
303167,30316700
303170,30317000
303174,30317400
303175,30317500
303176,30317600
303177,30317700
303178,30317800
303179,30317900
303180,30318000
303181,30318100
303182,30318200
303183,30318300
303184,30318400
303185,30318500
303186,30318600
303190,30319000
303193,30319300
303194,30319400
303195,30319500
303196,30319600
303197,30319700
303199,30319900
303200,30320000
303201,30320100
303202,30320200
303204,30320400
303205,30320500
303206,30320600
303208,30320800
303211,30321100
303213,30321300
303214,30321400
303215,30321500
303216,30321600
303218,30321800
303219,30321900
303220,30322000
303225,30322500
303227,30322700
303228,30322800
303229,30322900
303231,30323100
303232,30323200
303233,30323300
303236,30323600
303239,30323900
303240,30324000
303242,30324200
303243,30324300
303244,30324400
303248,30324800
303249,30324900
303250,30325000
303253,30325300
303254,30325400
303255,30325500
303256,30325600
303258,30325800
303261,30326100
303263,30326300
303264,30326400
303265,30326500
303266,30326600
303270,30327000
303271,30327100
303274,30327400
303277,30327700
303278,30327800
303279,30327900
303280,30328000
303284,30328400
303285,30328500
303286,30328600
303287,30328700
303289,30328900
303293,30329300
303297,30329700
303298,30329800
303299,30329900
303304,30330400
303305,30330500
303306,30330600
303308,30330800
303313,30331300
303315,30331500
303316,30331600
303319,30331900
303321,30332100
303322,30332200
303324,30332400
303325,30332500
303326,30332600
303327,30332700
303330,30333000
303332,30333200
303335,30333500
303336,30333600
303337,30333700
303338,30333800
303339,30333900
303340,30334000
303341,30334100
303343,30334300
303344,30334400
303345,30334500
303349,30334900
303351,30335100
303352,30335200
303355,30335500
303356,30335600
303358,30335800
303359,30335900
303361,30336100
303362,30336200
303364,30336400
303366,30336600
303367,30336700
303368,30336800
303369,30336900
303370,30337000
303372,30337200
303374,30337400
303376,30337600
303377,30337700
303379,30337900
303381,30338100
303382,30338200
303383,30338300
303388,30338800
303390,30339000
303392,30339200
303393,30339300
303396,30339600
303398,30339800
303399,30339900
303400,30340000
303401,30340100
303402,30340200
303403,30340300
303405,30340500
303409,30340900
303414,30341400
303418,30341800
303419,30341900
303420,30342000
303421,30342100
303422,30342200
303423,30342300
303425,30342500
303428,30342800
303430,30343000
303431,30343100
303434,30343400
303438,30343800
303440,30344000
303441,30344100
303444,30344400
303445,30344500
303447,30344700
303448,30344800
303449,30344900
303453,30345300
303461,30346100
303463,30346300
303464,30346400
303468,30346800
303470,30347000
303471,30347100
303472,30347200
303473,30347300
303474,30347400
303475,30347500
303476,30347600
303477,30347700
303481,30348100
303483,30348300
303484,30348400
303485,30348500
303487,30348700
303489,30348900
303490,30349000
303491,30349100
303493,30349300
303495,30349500
303501,30350100
303507,30350700
303509,30350900
303510,30351000
303514,30351400
303516,30351600
303520,30352000
303521,30352100
303522,30352200
303523,30352300
303526,30352600
303530,30353000
303531,30353100
303533,30353300
303535,30353500
303536,30353600
303539,30353900
303540,30354000
303544,30354400
303547,30354700
303550,30355000
303552,30355200
303554,30355400
303555,30355500
303556,30355600
303558,30355800
303563,30356300
303564,30356400
303565,30356500
303573,30357300
303574,30357400
303576,30357600
303577,30357700
303583,30358300
303584,30358400
303586,30358600
303589,30358900
303596,30359600
303597,30359700
303599,30359900
303600,30360000
303602,30360200
303603,30360300
303604,30360400
303605,30360500
303608,30360800
303609,30360900
303610,30361000
303611,30361100
303612,30361200
303613,30361300
303615,30361500
303616,30361600
313400,30340001
313449,30344901
313475,30347501
403617,40361700
403620,40362000
403622,40362200
403623,40362300
403624,40362400
403629,40362900
403630,40363000
403632,40363200
403640,40364000
403644,40364400
403646,40364600
403649,40364900
403654,40365400
403655,40365500
403657,40365700
403664,40366400
403667,40366700
403668,40366800
403670,40367000
403676,40367600
403680,40368000
403687,40368700
403692,40369200
403694,40369400
403699,40369900
403700,40370000
403705,40370500
403707,40370700
403708,40370800
403709,40370900
403710,40371000
403711,40371100
403713,40371300
403714,40371400
403717,40371700
403720,40372000
403721,40372100
403722,40372200
403725,40372500
403728,40372800
403729,40372900
403734,40373400
403735,40373500
403736,40373600
403738,40373800
403742,40374200
403743,40374300
403745,40374500
403753,40375300
403756,40375600
403758,40375800
403760,40376000
403762,40376200
403763,40376300
403766,40376600
403767,40376700
403768,40376800
403769,40376900
403770,40377000
403774,40377400
403778,40377800
403779,40377900
403780,40378000
403786,40378600
403789,40378900
403792,40379200
403797,40379700
403801,40380100
403808,40380800
403819,40381900
403825,40382500
403832,40383200
403835,40383500
403836,40383600
403837,40383700
403844,40384400
403851,40385100
403858,40385800
403863,40386300
403864,40386400
403871,40387100
403876,40387600
403877,40387700
403881,40388100
403882,40388200
403888,40388800
403896,40389600
403897,40389700
403898,40389800
403900,40390000
403901,40390100
403908,40390800
403910,40391000
403911,40391100
403912,40391200
403915,40391500
403916,40391600
403925,40392500
403933,40393300
403934,40393400
403937,40393700
403939,40393900
403943,40394300
403946,40394600
403947,40394700
403948,40394800
403949,40394900
403951,40395100
403953,40395300
403956,40395600
403957,40395700
403971,40397100
403975,40397500
403976,40397600
403989,40398900
403992,40399200
403994,40399400
403998,40399800
404000,40400000
404002,40400200
404003,40400300
404016,40401600
404020,40402000
404025,40402500
404029,40402900
404033,40403300
404039,40403900
404040,40404000
404044,40404400
404050,40405000
404055,40405500
404056,40405600
404058,40405800
404067,40406700
404068,40406800
404070,40407000
404071,40407100
404073,40407300
404077,40407700
404091,40409100
404100,40410000
404101,40410100
404115,40411500
404117,40411700
404118,40411800
404119,40411900
404125,40412500
404128,40412800
404129,40412900
404139,40413900
404140,40414000
404142,40414200
404145,40414500
404147,40414700
404152,40415200
404153,40415300
404154,40415400
404162,40416200
404163,40416300
404164,40416400
404166,40416600
404167,40416700
404168,40416800
404169,40416900
404170,40417000
404171,40417100
404172,40417200
404174,40417400
404175,40417500
404176,40417600
404178,40417800
404179,40417900
404185,40418500
404186,40418600
404188,40418800
404190,40419000
404191,40419100
404192,40419200
404194,40419400
404195,40419500
404196,40419600
404200,40420000
404201,40420100
404206,40420600
404210,40421000
404213,40421300
404215,40421500
404217,40421700
404218,40421800
404219,40421900
404221,40422100
404222,40422200
404223,40422300
404224,40422400
404225,40422500
404226,40422600
404228,40422800
404229,40422900
404230,40423000
404231,40423100
404232,40423200
404235,40423500
404236,40423600
404237,40423700
404238,40423800
404239,40423900
404240,40424000
404242,40424200
404245,40424500
404246,40424600
404247,40424700
404250,40425000
404251,40425100
404254,40425400
404255,40425500
404259,40425900
404261,40426100
404263,40426300
404266,40426600
404268,40426800
404269,40426900
404270,40427000
404271,40427100
404272,40427200
404273,40427300
404277,40427700
404278,40427800
404281,40428100
404282,40428200
404285,40428500
404291,40429100
404292,40429200
404295,40429500
404296,40429600
404298,40429800
404299,40429900
404300,40430000
404301,40430100
404302,40430200
404303,40430300
404304,40430400
404305,40430500
404307,40430700
404310,40431000
404311,40431100
404316,40431600
404317,40431700
404318,40431800
404319,40431900
404322,40432200
404323,40432300
404326,40432600
404328,40432800
404329,40432900
404332,40433200
404336,40433600
404339,40433900
404340,40434000
404341,40434100
404343,40434300
404344,40434400
404346,40434600
404347,40434700
404348,40434800
404349,40434900
404352,40435200
404353,40435300
404361,40436100
404363,40436300
404364,40436400
404365,40436500
404369,40436900
404370,40437000
404371,40437100
404373,40437300
404376,40437600
404378,40437800
404380,40438000
404381,40438100
404382,40438200
404387,40438700
404388,40438800
404389,40438900
404390,40439000
404391,40439100
404393,40439300
404394,40439400
404395,40439500
404396,40439600
404399,40439900
404404,40440400
404405,40440500
404408,40440800
404411,40441100
404412,40441200
404413,40441300
404414,40441400
404415,40441500
404417,40441700
404420,40442000
404422,40442200
404426,40442600
404428,40442800
404430,40443000
404432,40443200
404433,40443300
404435,40443500
404437,40443700
404438,40443800
404440,40444000
404441,40444100
404445,40444500
404446,40444600
404450,40445000
404451,40445100
404453,40445300
404454,40445400
404457,40445700
404461,40446100
404462,40446200
404467,40446700
404470,40447000
404473,40447300
404474,40447400
404475,40447500
404476,40447600
404478,40447800
404479,40447900
404480,40448000
404484,40448400
404485,40448500
404488,40448800
404490,40449000
404491,40449100
404492,40449200
404498,40449800
404501,40450100
404502,40450200
404503,40450300
404504,40450400
404505,40450500
404506,40450600
404507,40450700
404508,40450800
404511,40451100
404512,40451200
404514,40451400
404515,40451500
404516,40451600
404517,40451700
404519,40451900
404522,40452200
404523,40452300
404532,40453200
404534,40453400
404535,40453500
404536,40453600
404538,40453800
404539,40453900
404540,40454000
404541,40454100
404542,40454200
404543,40454300
404544,40454400
404547,40454700
404552,40455200
404554,40455400
404555,40455500
404556,40455600
404562,40456200
404567,40456700
404568,40456800
404569,40456900
404570,40457000
404571,40457100
404576,40457600
404580,40458000
404583,40458300
404585,40458500
404586,40458600
404588,40458800
404591,40459100
404594,40459400
404595,40459500
404596,40459600
404599,40459900
404600,40460000
404601,40460100
404602,40460200
404604,40460400
404605,40460500
404611,40461100
404612,40461200
404616,40461600
404618,40461800
404620,40462000
404622,40462200
404626,40462600
404627,40462700
404628,40462800
404629,40462900
404630,40463000
404631,40463100
404632,40463200
404634,40463400
404638,40463800
404643,40464300
404644,40464400
404645,40464500
404651,40465100
404652,40465200
404657,40465700
404658,40465800
404662,40466200
404664,40466400
404667,40466700
404668,40466800
404669,40466900
404670,40467000
404671,40467100
404672,40467200
404673,40467300
404676,40467600
404677,40467700
404678,40467800
404680,40468000
404681,40468100
404682,40468200
404683,40468300
404686,40468600
404687,40468700
404689,40468900
404690,40469000
404693,40469300
404694,40469400
404695,40469500
404697,40469700
404699,40469900
404700,40470000
404701,40470100
404702,40470200
404705,40470500
404706,40470600
404707,40470700
404708,40470800
404709,40470900
404711,40471100
404712,40471200
404713,40471300
404714,40471400
404715,40471500
404717,40471700
404719,40471900
404721,40472100
404722,40472200
404728,40472800
404729,40472900
404730,40473000
404731,40473100
404733,40473300
404734,40473400
404735,40473500
404736,40473600
404738,40473800
404739,40473900
404741,40474100
404742,40474200
404743,40474300
404744,40474400
404745,40474500
404747,40474700
404748,40474800
404755,40475500
404756,40475600
404758,40475800
404759,40475900
404760,40476000
404761,40476100
404762,40476200
404763,40476300
404764,40476400
404766,40476600
404767,40476700
404768,40476800
404770,40477000
404772,40477200
404773,40477300
404774,40477400
404775,40477500
404777,40477700
404780,40478000
404781,40478100
404782,40478200
404783,40478300
404786,40478600
404787,40478700
404788,40478800
404789,40478900
404790,40479000
404792,40479200
404793,40479300
404795,40479500
404796,40479600
404800,40480000
404801,40480100
404803,40480300
404804,40480400
404806,40480600
404807,40480700
404808,40480800
404814,40481400
404815,40481500
404817,40481700
404818,40481800
404820,40482000
404822,40482200
404823,40482300
404825,40482500
404827,40482700
404830,40483000
404831,40483100
404837,40483700
404838,40483800
404841,40484100
404842,40484200
404843,40484300
404845,40484500
404846,40484600
404848,40484800
404849,40484900
404851,40485100
404857,40485700
404858,40485800
404859,40485900
404863,40486300
404864,40486400
404865,40486500
404870,40487000
404871,40487100
404873,40487300
404878,40487800
404879,40487900
404881,40488100
404882,40488200
404884,40488400
404888,40488800
404889,40488900
404890,40489000
404891,40489100
404892,40489200
404897,40489700
404898,40489800
404899,40489900
404902,40490200
404903,40490300
404904,40490400
404905,40490500
404907,40490700
404908,40490800
404909,40490900
404910,40491000
404911,40491100
404914,40491400
404915,40491500
404916,40491600
404918,40491800
404921,40492100
404923,40492300
404924,40492400
404925,40492500
404927,40492700
404928,40492800
404929,40492900
404930,40493000
404934,40493400
404935,40493500
404936,40493600
404937,40493700
404938,40493800
404939,40493900
404941,40494100
404942,40494200
404943,40494300
404944,40494400
404945,40494500
404946,40494600
404948,40494800
404952,40495200
404954,40495400
404955,40495500
404956,40495600
404960,40496000
404962,40496200
404964,40496400
404965,40496500
404966,40496600
404968,40496800
404969,40496900
404973,40497300
404974,40497400
404978,40497800
404979,40497900
404980,40498000
404981,40498100
404982,40498200
404983,40498300
404984,40498400
404985,40498500
404986,40498600
404987,40498700
404989,40498900
404991,40499100
404992,40499200
404993,40499300
404996,40499600
404998,40499800
405000,40500000
405002,40500200
405003,40500300
405004,40500400
405007,40500700
405009,40500900
405010,40501000
405011,40501100
405012,40501200
405013,40501300
405014,40501400
405015,40501500
405016,40501600
405018,40501800
405019,40501900
405020,40502000
405021,40502100
405022,40502200
405026,40502600
405031,40503100
405033,40503300
405042,40504200
405045,40504500
405047,40504700
405051,40505100
405052,40505200
405053,40505300
405054,40505400
405055,40505500
405056,40505600
405057,40505700
405059,40505900
405060,40506000
405062,40506200
405070,40507000
405072,40507200
405074,40507400
405077,40507700
405079,40507900
405080,40508000
405081,40508100
405083,40508300
405085,40508500
405086,40508600
405093,40509300
405094,40509400
405095,40509500
405096,40509600
405097,40509700
405098,40509800
405100,40510000
405102,40510200
405103,40510300
405104,40510400
405107,40510700
405109,40510900
405111,40511100
405112,40511200
405113,40511300
405114,40511400
405116,40511600
405118,40511800
405119,40511900
405120,40512000
405121,40512100
405123,40512300
405124,40512400
405126,40512600
405127,40512700
405128,40512800
405129,40512900
405131,40513100
405132,40513200
405134,40513400
405138,40513800
405139,40513900
405141,40514100
405142,40514200
405143,40514300
405144,40514400
405145,40514500
405146,40514600
405147,40514700
405148,40514800
405149,40514900
405150,40515000
405151,40515100
405152,40515200
405153,40515300
405154,40515400
405155,40515500
405156,40515600
405157,40515700
405158,40515800
405159,40515900
405160,40516000
405161,40516100
405162,40516200
405163,40516300
405164,40516400
405165,40516500
405166,40516600
405167,40516700
405168,40516800
405170,40517000
405173,40517300
405175,40517500
405176,40517600
405179,40517900
405182,40518200
405183,40518300
405184,40518400
405185,40518500
405186,40518600
405187,40518700
405188,40518800
405189,40518900
405190,40519000
405191,40519100
405193,40519300
405196,40519600
405200,40520000
405203,40520300
405204,40520400
405208,40520800
405209,40520900
405210,40521000
405211,40521100
405213,40521300
405214,40521400
405215,40521500
405216,40521600
405217,40521700
405218,40521800
405221,40522100
405222,40522200
405223,40522300
405224,40522400
405225,40522500
405227,40522700
405229,40522900
405230,40523000
405232,40523200
405234,40523400
405235,40523500
405236,40523600
405237,40523700
405238,40523800
405239,40523900
405241,40524100
405242,40524200
405244,40524400
405245,40524500
405246,40524600
405247,40524700
405251,40525100
405252,40525200
405256,40525600
405257,40525700
405260,40526000
405261,40526100
405266,40526600
405267,40526700
405269,40526900
405271,40527100
405272,40527200
405273,40527300
405274,40527400
405275,40527500
405276,40527600
405277,40527700
405278,40527800
405279,40527900
405281,40528100
405282,40528200
405284,40528400
405285,40528500
405286,40528600
405287,40528700
405288,40528800
405289,40528900
405291,40529100
405292,40529200
405293,40529300
405294,40529400
405296,40529600
405297,40529700
405298,40529800
405303,40530300
405305,40530500
405306,40530600
405307,40530700
405308,40530800
405309,40530900
405310,40531000
405311,40531100
405312,40531200
405313,40531300
405316,40531600
405319,40531900
405320,40532000
405321,40532100
405322,40532200
405324,40532400
405326,40532600
405329,40532900
405332,40533200
405334,40533400
405335,40533500
405336,40533600
405337,40533700
405338,40533800
405339,40533900
405340,40534000
405341,40534100
405342,40534200
405344,40534400
405345,40534500
405346,40534600
405347,40534700
405349,40534900
405351,40535100
405353,40535300
405354,40535400
405355,40535500
405357,40535700
405358,40535800
405359,40535900
405360,40536000
405361,40536100
405363,40536300
405366,40536600
405367,40536700
405368,40536800
405370,40537000
405371,40537100
405373,40537300
405374,40537400
405375,40537500
405376,40537600
405378,40537800
405381,40538100
405383,40538300
405386,40538600
405388,40538800
405389,40538900
405392,40539200
405393,40539300
405394,40539400
405397,40539700
405399,40539900
405400,40540000
405402,40540200
405403,40540300
405404,40540400
405405,40540500
405406,40540600
405407,40540700
405409,40540900
405414,40541400
405415,40541500
405417,40541700
405418,40541800
405420,40542000
405422,40542200
405423,40542300
405425,40542500
405429,40542900
405430,40543000
405431,40543100
405432,40543200
405435,40543500
405437,40543700
405439,40543900
405440,40544000
405441,40544100
405442,40544200
405443,40544300
405444,40544400
405445,40544500
405447,40544700
405448,40544800
405450,40545000
405452,40545200
405453,40545300
405454,40545400
405456,40545600
405457,40545700
405458,40545800
405459,40545900
405460,40546000
405461,40546100
405462,40546200
405463,40546300
405467,40546700
405468,40546800
405472,40547200
405475,40547500
405476,40547600
405478,40547800
405479,40547900
405481,40548100
405482,40548200
405483,40548300
405484,40548400
405487,40548700
405489,40548900
405490,40549000
405492,40549200
405493,40549300
405495,40549500
405496,40549600
405497,40549700
405498,40549800
405499,40549900
405500,40550000
405501,40550100
405503,40550300
405507,40550700
405508,40550800
405509,40550900
405511,40551100
405514,40551400
405515,40551500
405516,40551600
405517,40551700
405519,40551900
405524,40552400
405525,40552500
405526,40552600
405529,40552900
405531,40553100
405533,40553300
405535,40553500
405537,40553700
405539,40553900
405540,40554000
405543,40554300
405546,40554600
405548,40554800
405550,40555000
405552,40555200
405554,40555400
405560,40556000
405563,40556300
405564,40556400
405565,40556500
405568,40556800
405569,40556900
405570,40557000
405571,40557100
405572,40557200
405573,40557300
405574,40557400
405577,40557700
405579,40557900
405580,40558000
405581,40558100
405583,40558300
405584,40558400
405586,40558600
405587,40558700
405589,40558900
405590,40559000
405591,40559100
405595,40559500
405596,40559600
405599,40559900
405600,40560000
405601,40560100
405603,40560300
405604,40560400
405605,40560500
405607,40560700
405608,40560800
405610,40561000
405611,40561100
405612,40561200
405614,40561400
405616,40561600
405617,40561700
405618,40561800
405619,40561900
405622,40562200
405623,40562300
405624,40562400
405629,40562900
405630,40563000
405631,40563100
405632,40563200
405633,40563300
405635,40563500
405636,40563600
405637,40563700
405639,40563900
405642,40564200
405643,40564300
405645,40564500
405646,40564600
405648,40564800
405649,40564900
405650,40565000
405653,40565300
405654,40565400
405655,40565500
405657,40565700
405660,40566000
405661,40566100
405662,40566200
405663,40566300
405664,40566400
405666,40566600
405667,40566700
405668,40566800
405669,40566900
405670,40567000
405671,40567100
405672,40567200
405674,40567400
405675,40567500
405676,40567600
405677,40567700
405678,40567800
405679,40567900
405683,40568300
405685,40568500
405686,40568600
405687,40568700
405688,40568800
405689,40568900
405690,40569000
405692,40569200
405693,40569300
405696,40569600
405697,40569700
405700,40570000
405702,40570200
405703,40570300
405707,40570700
405708,40570800
405709,40570900
405710,40571000
405715,40571500
405720,40572000
405721,40572100
405722,40572200
405723,40572300
405724,40572400
405725,40572500
405726,40572600
405729,40572900
405731,40573100
405732,40573200
405736,40573600
405740,40574000
405741,40574100
405742,40574200
405743,40574300
405744,40574400
405745,40574500
405748,40574800
405751,40575100
405753,40575300
405754,40575400
405756,40575600
405757,40575700
405758,40575800
405759,40575900
405760,40576000
405761,40576100
405762,40576200
405766,40576600
405767,40576700
405768,40576800
405769,40576900
405770,40577000
405772,40577200
405773,40577300
405774,40577400
405775,40577500
405776,40577600
405777,40577700
405778,40577800
405779,40577900
405781,40578100
405782,40578200
405783,40578300
405784,40578400
405785,40578500
405786,40578600
405787,40578700
405788,40578800
405790,40579000
405791,40579100
405793,40579300
405795,40579500
405796,40579600
405798,40579800
405799,40579900
405800,40580000
405801,40580100
405802,40580200
405803,40580300
405805,40580500
405808,40580800
405809,40580900
405811,40581100
405812,40581200
405813,40581300
405814,40581400
405817,40581700
405818,40581800
405819,40581900
405821,40582100
405823,40582300
405825,40582500
405826,40582600
405827,40582700
405828,40582800
405829,40582900
405830,40583000
405831,40583100
405832,40583200
405835,40583500
405839,40583900
405840,40584000
405841,40584100
405842,40584200
405843,40584300
405844,40584400
405845,40584500
405847,40584700
405848,40584800
405854,40585400
405856,40585600
405857,40585700
405861,40586100
405863,40586300
405864,40586400
405865,40586500
405869,40586900
405870,40587000
405871,40587100
405874,40587400
405875,40587500
405877,40587700
405879,40587900
405881,40588100
405884,40588400
405885,40588500
405886,40588600
405887,40588700
405888,40588800
405889,40588900
405890,40589000
405891,40589100
405892,40589200
405893,40589300
405894,40589400
405896,40589600
405897,40589700
405898,40589800
405899,40589900
405900,40590000
405901,40590100
405903,40590300
405904,40590400
405905,40590500
